{
    "root_group": {
        "checks": {
            "login realizado": {
                "name": "login realizado",
                "path": "::login realizado",
                "id": "5e95a691b02818d6046b4f60bbba54a0",
                "passes": 0,
                "fails": 230
            }
        },
        "name": "",
        "path": "",
        "id": "d41d8cd98f00b204e9800998ecf8427e",
        "groups": {}
    },
    "metrics": {
        "http_req_duration{expected_response:true}": {
            "med": 326.42525,
            "max": 622.2137,
            "p(90)": 386.94542,
            "p(95)": 415.80074,
            "avg": 334.55247478260907,
            "min": 274.9483
        },
        "http_req_connecting": {
            "avg": 0.6483973913043479,
            "min": 0,
            "med": 0,
            "max": 16.1267,
            "p(90)": 0,
            "p(95)": 0
        },
        "http_req_waiting": {
            "avg": 327.9996808695654,
            "min": 266.8358,
            "med": 320.26144999999997,
            "max": 612.6632,
            "p(90)": 384.1132,
            "p(95)": 409.2182449999999
        },
        "vus_max": {
            "value": 10,
            "min": 10,
            "max": 10
        },
        "iteration_duration": {
            "avg": 1346.4803652173907,
            "min": 1280.1077,
            "med": 1335.1599,
            "max": 1724.308,
            "p(90)": 1418.98018,
            "p(95)": 1469.9614349999997
        },
        "http_reqs": {
            "count": 230,
            "rate": 7.378540678961444
        },
        "data_sent": {
            "count": 42790,
            "rate": 1372.729372403305
        },
        "http_req_receiving": {
            "avg": 6.4643347826086925,
            "min": 0,
            "med": 2.6881500000000003,
            "max": 243.1876,
            "p(90)": 13.67441,
            "p(95)": 15.56492499999999
        },
        "http_req_tls_handshaking": {
            "max": 60.3757,
            "p(90)": 0,
            "p(95)": 0,
            "avg": 2.283530434782609,
            "min": 0,
            "med": 0
        },
        "http_req_failed": {
            "passes": 0,
            "fails": 230,
            "value": 0
        },
        "checks": {
            "passes": 0,
            "fails": 230,
            "value": 0
        },
        "vus": {
            "value": 5,
            "min": 5,
            "max": 10
        },
        "http_req_sending": {
            "p(90)": 0.51345,
            "p(95)": 0.5429699999999997,
            "avg": 0.08845913043478264,
            "min": 0,
            "med": 0,
            "max": 0.9063
        },
        "iterations": {
            "count": 230,
            "rate": 7.378540678961444
        },
        "http_req_duration": {
            "max": 622.2137,
            "p(90)": 386.94542,
            "p(95)": 415.80074,
            "avg": 334.55247478260907,
            "min": 274.9483,
            "med": 326.42525
        },
        "http_req_blocked": {
            "avg": 3.9578234782608694,
            "min": 0,
            "med": 0,
            "max": 99.7948,
            "p(90)": 0,
            "p(95)": 0
        },
        "data_received": {
            "count": 2105273,
            "rate": 67538.44552530085
        }
    }
}