{
    "root_group": {
        "path": "",
        "id": "d41d8cd98f00b204e9800998ecf8427e",
        "groups": {},
        "checks": {
                "login realizado": {
                    "id": "5e95a691b02818d6046b4f60bbba54a0",
                    "passes": 0,
                    "fails": 230,
                    "name": "login realizado",
                    "path": "::login realizado"
                }
            },
        "name": ""
    },
    "metrics": {
        "http_req_connecting": {
            "p(95)": 0,
            "avg": 0.9560595652173914,
            "min": 0,
            "med": 0,
            "max": 24.1152,
            "p(90)": 0
        },
        "http_req_failed": {
            "passes": 0,
            "fails": 230,
            "value": 0
        },
        "http_req_blocked": {
            "avg": 3.905321304347826,
            "min": 0,
            "med": 0,
            "max": 93.6401,
            "p(90)": 0,
            "p(95)": 0
        },
        "http_req_sending": {
            "avg": 0.24485434782608698,
            "min": 0,
            "med": 0,
            "max": 4.5778,
            "p(90)": 0.58635,
            "p(95)": 0.7275549999999994
        },
        "http_reqs": {
            "count": 230,
            "rate": 7.396247696386399
        },
        "http_req_duration{expected_response:true}": {
            "avg": 327.0755191304347,
            "min": 276.7802,
            "med": 309.4558,
            "max": 683.614,
            "p(90)": 370.44829999999996,
            "p(95)": 428.2641999999998
        },
        "iteration_duration": {
            "p(90)": 1403.8330199999998,
            "p(95)": 1443.8962949999998,
            "avg": 1340.4454134782611,
            "min": 1278.6028,
            "med": 1320.185,
            "max": 1705.1105
        },
        "vus": {
            "value": 2,
            "min": 2,
            "max": 10
        },
        "iterations": {
            "rate": 7.396247696386399,
            "count": 230
        },
        "http_req_tls_handshaking": {
            "max": 67.2925,
            "p(90)": 0,
            "p(95)": 0,
            "avg": 2.679016956521739,
            "min": 0,
            "med": 0
        },
        "data_received": {
            "count": 2096307,
            "rate": 67412.1992159508
        },
        "checks": {
            "passes": 0,
            "fails": 230,
            "value": 0
        },
        "http_req_receiving": {
            "min": 0,
            "med": 4.0219,
            "max": 147.6093,
            "p(90)": 17.900549999999996,
            "p(95)": 22.43749999999999,
            "avg": 7.4888404347826105
        },
        "http_req_duration": {
            "avg": 327.0755191304347,
            "min": 276.7802,
            "med": 309.4558,
            "max": 683.614,
            "p(90)": 370.44829999999996,
            "p(95)": 428.2641999999998
        },
        "data_sent": {
            "count": 42790,
            "rate": 1376.0236475146696
        },
        "http_req_waiting": {
            "avg": 319.34182434782616,
            "min": 271.4502,
            "med": 303.48455,
            "max": 679.2751,
            "p(90)": 356.02208,
            "p(95)": 415.69356499999986
        },
        "vus_max": {
            "value": 10,
            "min": 10,
            "max": 10
        }
    }
}